{"train": [0.5691707645947078, 0.5609551431997767, 0.5533021699707463, 0.5496101469363807, 0.5484126232705027, 0.5480049961018112, 0.5478958571856877, 0.5478689839255135, 0.5477954351677085, 0.5475918251388477, 0.5477649670726848, 0.5477366239394782, 0.5473774829000797, 0.5474770114106952, 0.5473477491792643, 0.5476838710173121, 0.5474535755391391, 0.5474342681326956, 0.547311285756669, 0.5472791329869684, 0.5473607570495246, 0.5472731095439983, 0.5471754034735122, 0.5473791113439596, 0.5474488521521946, 0.5473551075413542, 0.5471913651475366, 0.5473307854724381, 0.5473057076616107, 0.5472984448918756, 0.5473824649486901, 0.5475020363645734, 0.5473700503133377, 0.5474598340268405, 0.547589732790893, 0.5471359221440442, 0.5475023102085546, 0.547263261282219, 0.5473138048963727, 0.5473285699790379, 0.5472000162556486, 0.5473101746361211, 0.5473631912807249, 0.5472251930326786, 0.5472261736977775, 0.5475003837414507, 0.5474746598387664, 0.5472061746525314, 0.5472666981085291, 0.5471872912262971], "val": [0.5647459775209427, 0.5561080873012543, 0.5543021559715271, 0.5540309101343155, 0.5539668947458267, 0.55394446849823, 0.5539243817329407, 0.5539161264896393, 0.5539080202579498, 0.5539024770259857, 0.5538965165615082, 0.553893432021141, 0.5538910180330276, 0.5538890510797501, 0.5538865178823471, 0.5538856536149979, 0.5538851618766785, 0.5538844764232635, 0.5538837015628815, 0.5538830310106277, 0.5538824051618576, 0.5538822114467621, 0.5538819283246994, 0.5538817495107651, 0.55388143658638, 0.5538811981678009, 0.5538809448480606, 0.5538808554410934, 0.5538807362318039, 0.5538806021213531, 0.5538804680109024, 0.55388043820858, 0.5538802742958069, 0.5538802295923233, 0.5538801997900009, 0.5538801550865173, 0.5538800954818726, 0.5538800805807114, 0.5538800209760666, 0.5538800209760666, 0.5538799613714218, 0.5538799315690994, 0.5538798868656158, 0.5538798868656158, 0.5538798570632935, 0.5538798570632935, 0.5538798421621323, 0.5538798123598099, 0.5538798272609711, 0.5538797974586487]}