{"train": [0.57737331682781, 0.5720804789156284, 0.5586368396597089, 0.5498336098104153, 0.5485878800446132, 0.5482500544134176, 0.5483113864682755, 0.5480392637117854, 0.5478197606104724, 0.5481896456682457, 0.5478806990497517, 0.5478036667940751, 0.5477368876619159, 0.5476600437794091, 0.5477318336378854, 0.5474724617769133, 0.5476724589770695, 0.5474866707369966, 0.547253150984926, 0.5473355645278715, 0.547466091952234, 0.5470326323554201, 0.5475126504898071, 0.5475700790027402, 0.5472588842769839, 0.5470763298700441, 0.5473438518227272, 0.5473689301958624, 0.5473688964573842, 0.5471493916691474, 0.5472710121352717, 0.5470558224983935, 0.5471931212353256, 0.5472083316659028, 0.5471859529333295, 0.5470281726909134, 0.5471487573857577, 0.5469803011642312, 0.5471159230987981, 0.547165370212411, 0.5470831360457078, 0.5471891249125859, 0.5472591058263239, 0.5471397289689982, 0.5472937023864602, 0.5469775008705428, 0.5471265091086334, 0.5472732130086647, 0.5473676582552353, 0.5470878695541957], "val": [0.5788293033838272, 0.5645738989114761, 0.5548804700374603, 0.5542078912258148, 0.5540510267019272, 0.5540073812007904, 0.553972989320755, 0.5539515316486359, 0.5539398044347763, 0.553930252790451, 0.5539212971925735, 0.5539161413908005, 0.553912028670311, 0.5539076179265976, 0.553904339671135, 0.5539017766714096, 0.5539002567529678, 0.5538972914218903, 0.5538969337940216, 0.553896114230156, 0.5538954883813858, 0.5538948327302933, 0.5538941472768784, 0.5538933873176575, 0.5538930594921112, 0.5538927167654037, 0.553892508149147, 0.5538921803236008, 0.5538918972015381, 0.5538917034864426, 0.5538915991783142, 0.5538913160562515, 0.5538912266492844, 0.5538910329341888, 0.5538909733295441, 0.5538907945156097, 0.553890734910965, 0.5538906902074814, 0.553890585899353, 0.553890585899353, 0.5538904666900635, 0.5538903772830963, 0.5538903921842575, 0.5538903474807739, 0.5538902878761292, 0.553890272974968, 0.5538902431726456, 0.553890198469162, 0.553890198469162, 0.5538901537656784]}