{"train": [0.0018120016188817626, 0.0006802055434508355, 0.0005913742928862361, 0.0005495197195691531, 0.0005419176826385324, 0.0005162283399291688, 0.0005044525660539292, 0.0004955036164797351, 0.00048728463655109254, 0.00048172780541035364, 0.00047600807518838854, 0.0004713845824743709, 0.00047438521045787294, 0.00047147639627339986, 0.00046892971391262453, 0.00046384536314158224, 0.0004614086312083703, 0.00045859390201995957, 0.00045783733284619267, 0.0004576121518423535, 0.0004528204642482243, 0.00045472688979539527, 0.00045548652942327536, 0.0004561003912591709, 0.0004542311488756172, 0.0004520466472110096, 0.00045166904642685967, 0.0004525859411893729, 0.0004522837725916069, 0.00045162265217546727, 0.00045121733850430484, 0.0004505182820688582, 0.0004503961739279681, 0.0004490596260919394, 0.00045053216569424377, 0.00045043849034832336, 0.0004500532885222643, 0.0004495747682840546, 0.0004497744403296273, 0.000449173298515028, 0.00045027672357084056, 0.000450012853966569, 0.0004493823579187452, 0.00044868810636096825, 0.0004493245291567566, 0.00044894697999072104, 0.00044768608179611137, 0.000448632464230166, 0.00045063756164690513, 0.0004485741851824986], "val": [0.0003126373849227093, 0.000338199817633722, 0.0003077996698266361, 0.00032163263313123025, 0.0003556067604222335, 0.00034186132324975915, 0.00030967380007496104, 0.0003148668401991017, 0.00028295446463744156, 0.0003302137556602247, 0.0002942760693258606, 0.000308922775730025, 0.00028224668130860664, 0.0003269585286034271, 0.0002945447922684252, 0.0003411936486372724, 0.0003123682618024759, 0.00033368088043062016, 0.00032678838397259824, 0.0003061329043703154, 0.0003020733784069307, 0.00031380624932353385, 0.00031569040947942995, 0.00029856628316338174, 0.0002975648640131112, 0.0002965989951917436, 0.00029016125699854456, 0.00029415863173198886, 0.0003089763304160442, 0.0002999466814799234, 0.00031301654598792084, 0.0002915894328907598, 0.0002987605294038076, 0.0002985666833410505, 0.0003080162969126832, 0.00029755651848972775, 0.000301897667668527, 0.0002992847657878883, 0.0003002760713570751, 0.0003003224446729291, 0.00029869330319343135, 0.00029541339608840644, 0.000302083990391111, 0.0003021900338353589, 0.0003004900754604023, 0.0002968610970128793, 0.00029901290326961316, 0.0002974556300614495, 0.0002993062989844475, 0.00029924943737569265]}