{"train": [0.002056014939334314, 0.001254270223347154, 0.0011678614350527805, 0.0011384308893883706, 0.0011192007036440355, 0.0010970138564688277, 0.0010808163963890863, 0.0010837305772100699, 0.00107262530342131, 0.0010755801022070337, 0.0010705920340458178, 0.0010619078123643292, 0.0010590168487122457, 0.0010570313282890842, 0.0010498061705872697, 0.0010528031853027642, 0.001058306685596142, 0.001046515839780628, 0.0010450221235723286, 0.0010482450905431695, 0.0010419513169184047, 0.0010447536160255659, 0.001045478726429689, 0.0010420950590896438, 0.0010407291427430398, 0.0010418378328465206, 0.001041240709007911, 0.0010463131563122963, 0.001044065756327912, 0.0010408876949200793, 0.0010430571570430162, 0.001041238391684052, 0.00104305871437251, 0.0010400858788997076, 0.0010403666144482933, 0.0010392265800685393, 0.0010394784962354264, 0.0010417423799704269, 0.001040837141017447, 0.001040992746568935, 0.0010393555539677727, 0.0010379605392820009, 0.0010402179103485257, 0.0010386528172705955, 0.001036812947790648, 0.0010376299801721888, 0.0010387562742491937, 0.0010397339916243305, 0.001037923319326749, 0.0010402144607209232], "val": [0.0007124861294869334, 0.0007564578263554722, 0.0008204664045479149, 0.0007134152256185189, 0.0006526497018057853, 0.0007415883592329919, 0.0007143491966417059, 0.0007998314977157861, 0.0007105150143615901, 0.0006627154798479751, 0.000662869235384278, 0.0007261512291734107, 0.000696434173732996, 0.0007123798568500206, 0.0007426068405038677, 0.0007108718127710745, 0.0007523510066675954, 0.0007406757140415721, 0.000693832102115266, 0.0007411243059323169, 0.0006990858673816547, 0.0006763751662219875, 0.0006921284657437354, 0.000713344088580925, 0.0007089817809173837, 0.0007081439762259834, 0.0006853909289930016, 0.0006777489761589095, 0.0006912607132107951, 0.000708945924998261, 0.000707432918716222, 0.0006916103302501142, 0.0007020684643066488, 0.0006987490341998637, 0.0006897150378790684, 0.0006907412825967185, 0.000698189323884435, 0.0007007511085248552, 0.000699042429914698, 0.0007016071467660367, 0.0006971437978791073, 0.0006955095814191736, 0.0006976364747970365, 0.0006966405562707223, 0.0006952862822799943, 0.0006986275184317492, 0.0006967375302338041, 0.0006968308225623332, 0.0006975595388212241, 0.0006969325622776523]}