{"train": [0.0015525232993927344, 0.0006110170627680589, 0.000546296821239422, 0.0005281454227855956, 0.0005065760391825845, 0.0005034973953613344, 0.0004884050159609684, 0.00048229002387192594, 0.0004773748673955506, 0.00047308936844720455, 0.0004702488906057727, 0.00046815096679635626, 0.00046412917820490756, 0.0004613831735936538, 0.00045925632551892324, 0.0004610045283663807, 0.00045768424312865255, 0.0004563035233657948, 0.0004549202166567996, 0.00045407151601294863, 0.0004550657006648352, 0.0004549828739089997, 0.0004556665459498412, 0.00045299512292434164, 0.0004539871538927743, 0.00045596608531854626, 0.0004516757490939267, 0.000451453832935823, 0.0004529937934833315, 0.00045193268979003406, 0.0004504386067636452, 0.00045075527126549407, 0.00045114185579806426, 0.0004492576600860734, 0.0004507134822834248, 0.00044914131560187153, 0.00044922003048067946, 0.0004511643105015194, 0.00044935703099670135, 0.00044974218724506363, 0.0004496966897211266, 0.0004484716403069642, 0.000448909506337928, 0.0004490585887874916, 0.0004480090294305657, 0.00044877050259976457, 0.0004490908259473179, 0.000450889891856965, 0.0004475297870878833, 0.0004496003543949282], "val": [0.00030119614166324027, 0.0003032940694538411, 0.00029762960912194103, 0.0002995475551870186, 0.00036862197521259077, 0.00030042366051930003, 0.00029256214475026354, 0.00029875312975491397, 0.00030843792046653107, 0.00028559168276842684, 0.00030211562625481747, 0.0003024554353032727, 0.0003003381825692486, 0.00029781055127386935, 0.0002975390598294325, 0.0003065928176511079, 0.00029605536110466346, 0.00029079423984512687, 0.00030900085766916163, 0.00029209497733972967, 0.00028519526313175447, 0.0003041069685423281, 0.00028984520395169966, 0.0002984523889608681, 0.00031408856011694297, 0.00030528492061421275, 0.00030793544647167437, 0.000292538486974081, 0.00029695186094613746, 0.0003028637438546866, 0.0003015027068613563, 0.0002947843058791477, 0.000299532686767634, 0.00029247601196402684, 0.00029499514857889153, 0.00029351800549193285, 0.00029585093216155656, 0.00029124072898412123, 0.0002969452179968357, 0.00029402253130683675, 0.0002966259853565134, 0.00029500238088076003, 0.0002957960241474211, 0.00029337640808080323, 0.0002938929792435374, 0.00029494278714992106, 0.0002953227158286609, 0.00029624818853335455, 0.0002940834056062158, 0.00029587920289486647]}