{"train": [0.0015305225355199204, 0.0011431410247547868, 0.0011046953051228007, 0.00108332959781313, 0.0010715636505991362, 0.0010665241323569614, 0.0010636965722232213, 0.0010545936167099565, 0.0010546194070967722, 0.0010526548106803224, 0.001050774563754083, 0.001047466833249859, 0.001046211252270161, 0.001045441666820069, 0.0010440242542656807, 0.0010412748121076598, 0.0010437097846319513, 0.001044416669448662, 0.0010408724280390536, 0.0010417445435382004, 0.0010406748481745006, 0.0010404919805708079, 0.0010399466714347309, 0.0010386046454890297, 0.0010396798398292992, 0.0010414723568279648, 0.0010366426069148868, 0.001039699624942721, 0.001040121482219547, 0.0010399936043815512, 0.0010375823652073039, 0.0010387934151298876, 0.0010391334093720565, 0.0010389902965025097, 0.0010392348872901836, 0.001038440654739597, 0.001038717420086405, 0.00103803212701712, 0.0010373379545339015, 0.0010375418856230407, 0.001037804124314549, 0.0010356355539769076, 0.0010372675089868454, 0.00103716356657832, 0.001036391206929144, 0.001039287989150803, 0.001036430539932313, 0.001036466544116232, 0.0010358503907655348, 0.0010380990076195096], "val": [0.0007507228583563119, 0.0006676978227915242, 0.0006842934599262662, 0.0006788797982153483, 0.000686984414642211, 0.0006714417540933937, 0.000676965071761515, 0.0006566446754732169, 0.0006705815467284992, 0.0007222929707495496, 0.0006809613551013172, 0.000677596872264985, 0.0006783796998206526, 0.0006838183180661872, 0.0007114500622265041, 0.000670100882416591, 0.0007053191366139799, 0.0006891223092679866, 0.000693245769070927, 0.0006789703038521111, 0.000690865475917235, 0.0006845847019576468, 0.0006819905684096739, 0.0006839219786343165, 0.0006771454791305587, 0.0006752606786903925, 0.000695589988026768, 0.0006819787158747204, 0.0006861141155241057, 0.0006922723259776831, 0.0006963820997043513, 0.0006935726414667442, 0.0006904141628183424, 0.0006915412232046947, 0.0006916073834872805, 0.0006884945396450348, 0.0006891446973895654, 0.0006959616584936157, 0.0006918048384250142, 0.0006912324970471673, 0.0006904842957737856, 0.0006912969329277985, 0.0006914153709658422, 0.0006908556097187102, 0.0006910862430231646, 0.0006919153820490465, 0.0006913987308507785, 0.0006915351914358325, 0.0006908465657033958, 0.0006903018365846947]}